{"cameraMode":{"drawMode":0,"name":"Shaded","section":"Shading Mode"},"sceneLighting":false,"audioPlay":false,"sceneViewState":{"m_AlwaysRefresh":true,"showFog":true,"showSkybox":false,"showFlares":true,"showImageEffects":true,"showParticleSystems":true,"showVisualEffectGraphs":true,"m_FxEnabled":true},"in2DMode":false,"pivot":{"x":0.07188186794519425,"y":-0.09074258804321289,"z":-0.0008189788786694408},"rotation":{"x":0.03569811210036278,"y":0.016184980049729348,"z":-0.0005709716351702809,"w":0.9992451071739197},"size":0.5660253763198853,"orthographic":false}