{"cameraMode":{"drawMode":0,"name":"Shaded","section":"Shading Mode"},"sceneLighting":false,"audioPlay":false,"sceneViewState":{"m_AlwaysRefresh":true,"showFog":true,"showSkybox":false,"showFlares":true,"showImageEffects":true,"showParticleSystems":true,"showVisualEffectGraphs":true,"m_FxEnabled":true},"in2DMode":false,"pivot":{"x":-0.9108026027679443,"y":-0.18013465404510499,"z":-0.041722774505615237},"rotation":{"x":0.20491497218608857,"y":-0.01526847667992115,"z":0.0031972373835742475,"w":0.9786573648452759},"size":2.6551458835601808,"orthographic":false}